PassengerId,Survived,Pclass,Sex,Age,SibSp,Parch,Fare,Embarked,train_test
1,0.0,3,male,22.0,1,0,7.25,S,train
2,1.0,1,female,38.0,1,0,71.2833,C,train
3,1.0,3,female,26.0,0,0,7.925,S,train
4,1.0,1,female,35.0,1,0,53.1,S,train
5,0.0,3,male,35.0,0,0,8.05,S,train
6,0.0,3,male,28.0,0,0,8.4583,Q,train
7,0.0,1,male,54.0,0,0,51.8625,S,train
8,0.0,3,male,2.0,3,1,21.075,S,train
9,1.0,3,female,27.0,0,2,11.1333,S,train
10,1.0,2,female,14.0,1,0,30.0708,C,train
11,1.0,3,female,4.0,1,1,16.7,S,train
12,1.0,1,female,58.0,0,0,26.55,S,train
13,0.0,3,male,20.0,0,0,8.05,S,train
14,0.0,3,male,39.0,1,5,31.275,S,train
15,0.0,3,female,14.0,0,0,7.8542,S,train
16,1.0,2,female,55.0,0,0,16.0,S,train
17,0.0,3,male,2.0,4,1,29.125,Q,train
18,1.0,2,male,28.0,0,0,13.0,S,train
19,0.0,3,female,31.0,1,0,18.0,S,train
20,1.0,3,female,28.0,0,0,7.225,C,train
21,0.0,2,male,35.0,0,0,26.0,S,train
22,1.0,2,male,34.0,0,0,13.0,S,train
23,1.0,3,female,15.0,0,0,8.0292,Q,train
24,1.0,1,male,28.0,0,0,35.5,S,train
25,0.0,3,female,8.0,3,1,21.075,S,train
26,1.0,3,female,38.0,1,5,31.3875,S,train
27,0.0,3,male,28.0,0,0,7.225,C,train
28,0.0,1,male,19.0,3,2,263.0,S,train
29,1.0,3,female,28.0,0,0,7.8792,Q,train
30,0.0,3,male,28.0,0,0,7.8958,S,train
31,0.0,1,male,40.0,0,0,27.7208,C,train
32,1.0,1,female,28.0,1,0,146.5208,C,train
33,1.0,3,female,28.0,0,0,7.75,Q,train
34,0.0,2,male,66.0,0,0,10.5,S,train
35,0.0,1,male,28.0,1,0,82.1708,C,train
36,0.0,1,male,42.0,1,0,52.0,S,train
37,1.0,3,male,28.0,0,0,7.2292,C,train
38,0.0,3,male,21.0,0,0,8.05,S,train
39,0.0,3,female,18.0,2,0,18.0,S,train
40,1.0,3,female,14.0,1,0,11.2417,C,train
41,0.0,3,female,40.0,1,0,9.475,S,train
42,0.0,2,female,27.0,1,0,21.0,S,train
43,0.0,3,male,28.0,0,0,7.8958,C,train
44,1.0,2,female,3.0,1,2,41.5792,C,train
45,1.0,3,female,19.0,0,0,7.8792,Q,train
46,0.0,3,male,28.0,0,0,8.05,S,train
47,0.0,3,male,28.0,1,0,15.5,Q,train
48,1.0,3,female,28.0,0,0,7.75,Q,train
49,0.0,3,male,28.0,2,0,21.6792,C,train
50,0.0,3,female,18.0,1,0,17.8,S,train
51,0.0,3,male,7.0,4,1,39.6875,S,train
52,0.0,3,male,21.0,0,0,7.8,S,train
53,1.0,1,female,49.0,1,0,76.7292,C,train
54,1.0,2,female,29.0,1,0,26.0,S,train
55,0.0,1,male,65.0,0,1,61.9792,C,train
56,1.0,1,male,28.0,0,0,35.5,S,train
57,1.0,2,female,21.0,0,0,10.5,S,train
58,0.0,3,male,28.5,0,0,7.2292,C,train
59,1.0,2,female,5.0,1,2,27.75,S,train
60,0.0,3,male,11.0,5,2,46.9,S,train
61,0.0,3,male,22.0,0,0,7.2292,C,train
62,1.0,1,female,38.0,0,0,80.0,S,train
63,0.0,1,male,45.0,1,0,83.475,S,train
64,0.0,3,male,4.0,3,2,27.9,S,train
65,0.0,1,male,28.0,0,0,27.7208,C,train
66,1.0,3,male,28.0,1,1,15.2458,C,train
67,1.0,2,female,29.0,0,0,10.5,S,train
68,0.0,3,male,19.0,0,0,8.1583,S,train
69,1.0,3,female,17.0,4,2,7.925,S,train
70,0.0,3,male,26.0,2,0,8.6625,S,train
71,0.0,2,male,32.0,0,0,10.5,S,train
72,0.0,3,female,16.0,5,2,46.9,S,train
73,0.0,2,male,21.0,0,0,73.5,S,train
74,0.0,3,male,26.0,1,0,14.4542,C,train
75,1.0,3,male,32.0,0,0,56.4958,S,train
76,0.0,3,male,25.0,0,0,7.65,S,train
77,0.0,3,male,28.0,0,0,7.8958,S,train
78,0.0,3,male,28.0,0,0,8.05,S,train
79,1.0,2,male,0.83,0,2,29.0,S,train
80,1.0,3,female,30.0,0,0,12.475,S,train
81,0.0,3,male,22.0,0,0,9.0,S,train
82,1.0,3,male,29.0,0,0,9.5,S,train
83,1.0,3,female,28.0,0,0,7.7875,Q,train
84,0.0,1,male,28.0,0,0,47.1,S,train
85,1.0,2,female,17.0,0,0,10.5,S,train
86,1.0,3,female,33.0,3,0,15.85,S,train
87,0.0,3,male,16.0,1,3,34.375,S,train
88,0.0,3,male,28.0,0,0,8.05,S,train
89,1.0,1,female,23.0,3,2,263.0,S,train
90,0.0,3,male,24.0,0,0,8.05,S,train
91,0.0,3,male,29.0,0,0,8.05,S,train
92,0.0,3,male,20.0,0,0,7.8542,S,train
93,0.0,1,male,46.0,1,0,61.175,S,train
94,0.0,3,male,26.0,1,2,20.575,S,train
95,0.0,3,male,59.0,0,0,7.25,S,train
96,0.0,3,male,28.0,0,0,8.05,S,train
97,0.0,1,male,71.0,0,0,34.6542,C,train
98,1.0,1,male,23.0,0,1,63.3583,C,train
99,1.0,2,female,34.0,0,1,23.0,S,train
100,0.0,2,male,34.0,1,0,26.0,S,train
101,0.0,3,female,28.0,0,0,7.8958,S,train
102,0.0,3,male,28.0,0,0,7.8958,S,train
103,0.0,1,male,21.0,0,1,77.2875,S,train
104,0.0,3,male,33.0,0,0,8.6542,S,train
105,0.0,3,male,37.0,2,0,7.925,S,train
106,0.0,3,male,28.0,0,0,7.8958,S,train
107,1.0,3,female,21.0,0,0,7.65,S,train
108,1.0,3,male,28.0,0,0,7.775,S,train
109,0.0,3,male,38.0,0,0,7.8958,S,train
110,1.0,3,female,28.0,1,0,24.15,Q,train
111,0.0,1,male,47.0,0,0,52.0,S,train
112,0.0,3,female,14.5,1,0,14.4542,C,train
113,0.0,3,male,22.0,0,0,8.05,S,train
114,0.0,3,female,20.0,1,0,9.825,S,train
115,0.0,3,female,17.0,0,0,14.4583,C,train
116,0.0,3,male,21.0,0,0,7.925,S,train
117,0.0,3,male,70.5,0,0,7.75,Q,train
118,0.0,2,male,29.0,1,0,21.0,S,train
119,0.0,1,male,24.0,0,1,247.5208,C,train
120,0.0,3,female,2.0,4,2,31.275,S,train
121,0.0,2,male,21.0,2,0,73.5,S,train
122,0.0,3,male,28.0,0,0,8.05,S,train
123,0.0,2,male,32.5,1,0,30.0708,C,train
124,1.0,2,female,32.5,0,0,13.0,S,train
125,0.0,1,male,54.0,0,1,77.2875,S,train
126,1.0,3,male,12.0,1,0,11.2417,C,train
127,0.0,3,male,28.0,0,0,7.75,Q,train
128,1.0,3,male,24.0,0,0,7.1417,S,train
129,1.0,3,female,28.0,1,1,22.3583,C,train
130,0.0,3,male,45.0,0,0,6.975,S,train
131,0.0,3,male,33.0,0,0,7.8958,C,train
132,0.0,3,male,20.0,0,0,7.05,S,train
133,0.0,3,female,47.0,1,0,14.5,S,train
134,1.0,2,female,29.0,1,0,26.0,S,train
135,0.0,2,male,25.0,0,0,13.0,S,train
136,0.0,2,male,23.0,0,0,15.0458,C,train
137,1.0,1,female,19.0,0,2,26.2833,S,train
138,0.0,1,male,37.0,1,0,53.1,S,train
139,0.0,3,male,16.0,0,0,9.2167,S,train
140,0.0,1,male,24.0,0,0,79.2,C,train
141,0.0,3,female,28.0,0,2,15.2458,C,train
142,1.0,3,female,22.0,0,0,7.75,S,train
143,1.0,3,female,24.0,1,0,15.85,S,train
144,0.0,3,male,19.0,0,0,6.75,Q,train
145,0.0,2,male,18.0,0,0,11.5,S,train
146,0.0,2,male,19.0,1,1,36.75,S,train
147,1.0,3,male,27.0,0,0,7.7958,S,train
148,0.0,3,female,9.0,2,2,34.375,S,train
149,0.0,2,male,36.5,0,2,26.0,S,train
150,0.0,2,male,42.0,0,0,13.0,S,train
151,0.0,2,male,51.0,0,0,12.525,S,train
152,1.0,1,female,22.0,1,0,66.6,S,train
153,0.0,3,male,55.5,0,0,8.05,S,train
154,0.0,3,male,40.5,0,2,14.5,S,train
155,0.0,3,male,28.0,0,0,7.3125,S,train
156,0.0,1,male,51.0,0,1,61.3792,C,train
157,1.0,3,female,16.0,0,0,7.7333,Q,train
158,0.0,3,male,30.0,0,0,8.05,S,train
159,0.0,3,male,28.0,0,0,8.6625,S,train
160,0.0,3,male,28.0,8,2,69.55,S,train
161,0.0,3,male,44.0,0,1,16.1,S,train
162,1.0,2,female,40.0,0,0,15.75,S,train
163,0.0,3,male,26.0,0,0,7.775,S,train
164,0.0,3,male,17.0,0,0,8.6625,S,train
165,0.0,3,male,1.0,4,1,39.6875,S,train
166,1.0,3,male,9.0,0,2,20.525,S,train
167,1.0,1,female,28.0,0,1,55.0,S,train
168,0.0,3,female,45.0,1,4,27.9,S,train
169,0.0,1,male,28.0,0,0,25.925,S,train
170,0.0,3,male,28.0,0,0,56.4958,S,train
171,0.0,1,male,61.0,0,0,33.5,S,train
172,0.0,3,male,4.0,4,1,29.125,Q,train
173,1.0,3,female,1.0,1,1,11.1333,S,train
174,0.0,3,male,21.0,0,0,7.925,S,train
175,0.0,1,male,56.0,0,0,30.6958,C,train
176,0.0,3,male,18.0,1,1,7.8542,S,train
177,0.0,3,male,28.0,3,1,25.4667,S,train
178,0.0,1,female,50.0,0,0,28.7125,C,train
179,0.0,2,male,30.0,0,0,13.0,S,train
180,0.0,3,male,36.0,0,0,0.0,S,train
181,0.0,3,female,28.0,8,2,69.55,S,train
182,0.0,2,male,28.0,0,0,15.05,C,train
183,0.0,3,male,9.0,4,2,31.3875,S,train
184,1.0,2,male,1.0,2,1,39.0,S,train
185,1.0,3,female,4.0,0,2,22.025,S,train
186,0.0,1,male,28.0,0,0,50.0,S,train
187,1.0,3,female,28.0,1,0,15.5,Q,train
188,1.0,1,male,45.0,0,0,26.55,S,train
189,0.0,3,male,40.0,1,1,15.5,Q,train
190,0.0,3,male,36.0,0,0,7.8958,S,train
191,1.0,2,female,32.0,0,0,13.0,S,train
192,0.0,2,male,19.0,0,0,13.0,S,train
193,1.0,3,female,19.0,1,0,7.8542,S,train
194,1.0,2,male,3.0,1,1,26.0,S,train
195,1.0,1,female,44.0,0,0,27.7208,C,train
196,1.0,1,female,58.0,0,0,146.5208,C,train
197,0.0,3,male,28.0,0,0,7.75,Q,train
198,0.0,3,male,42.0,0,1,8.4042,S,train
199,1.0,3,female,28.0,0,0,7.75,Q,train
200,0.0,2,female,24.0,0,0,13.0,S,train
201,0.0,3,male,28.0,0,0,9.5,S,train
202,0.0,3,male,28.0,8,2,69.55,S,train
203,0.0,3,male,34.0,0,0,6.4958,S,train
204,0.0,3,male,45.5,0,0,7.225,C,train
205,1.0,3,male,18.0,0,0,8.05,S,train
206,0.0,3,female,2.0,0,1,10.4625,S,train
207,0.0,3,male,32.0,1,0,15.85,S,train
208,1.0,3,male,26.0,0,0,18.7875,C,train
209,1.0,3,female,16.0,0,0,7.75,Q,train
210,1.0,1,male,40.0,0,0,31.0,C,train
211,0.0,3,male,24.0,0,0,7.05,S,train
212,1.0,2,female,35.0,0,0,21.0,S,train
213,0.0,3,male,22.0,0,0,7.25,S,train
214,0.0,2,male,30.0,0,0,13.0,S,train
215,0.0,3,male,28.0,1,0,7.75,Q,train
216,1.0,1,female,31.0,1,0,113.275,C,train
217,1.0,3,female,27.0,0,0,7.925,S,train
218,0.0,2,male,42.0,1,0,27.0,S,train
219,1.0,1,female,32.0,0,0,76.2917,C,train
220,0.0,2,male,30.0,0,0,10.5,S,train
221,1.0,3,male,16.0,0,0,8.05,S,train
222,0.0,2,male,27.0,0,0,13.0,S,train
223,0.0,3,male,51.0,0,0,8.05,S,train
224,0.0,3,male,28.0,0,0,7.8958,S,train
225,1.0,1,male,38.0,1,0,90.0,S,train
226,0.0,3,male,22.0,0,0,9.35,S,train
227,1.0,2,male,19.0,0,0,10.5,S,train
228,0.0,3,male,20.5,0,0,7.25,S,train
229,0.0,2,male,18.0,0,0,13.0,S,train
230,0.0,3,female,28.0,3,1,25.4667,S,train
231,1.0,1,female,35.0,1,0,83.475,S,train
232,0.0,3,male,29.0,0,0,7.775,S,train
233,0.0,2,male,59.0,0,0,13.5,S,train
234,1.0,3,female,5.0,4,2,31.3875,S,train
235,0.0,2,male,24.0,0,0,10.5,S,train
236,0.0,3,female,28.0,0,0,7.55,S,train
237,0.0,2,male,44.0,1,0,26.0,S,train
238,1.0,2,female,8.0,0,2,26.25,S,train
239,0.0,2,male,19.0,0,0,10.5,S,train
240,0.0,2,male,33.0,0,0,12.275,S,train
241,0.0,3,female,28.0,1,0,14.4542,C,train
242,1.0,3,female,28.0,1,0,15.5,Q,train
243,0.0,2,male,29.0,0,0,10.5,S,train
244,0.0,3,male,22.0,0,0,7.125,S,train
245,0.0,3,male,30.0,0,0,7.225,C,train
246,0.0,1,male,44.0,2,0,90.0,Q,train
247,0.0,3,female,25.0,0,0,7.775,S,train
248,1.0,2,female,24.0,0,2,14.5,S,train
249,1.0,1,male,37.0,1,1,52.5542,S,train
250,0.0,2,male,54.0,1,0,26.0,S,train
251,0.0,3,male,28.0,0,0,7.25,S,train
252,0.0,3,female,29.0,1,1,10.4625,S,train
253,0.0,1,male,62.0,0,0,26.55,S,train
254,0.0,3,male,30.0,1,0,16.1,S,train
255,0.0,3,female,41.0,0,2,20.2125,S,train
256,1.0,3,female,29.0,0,2,15.2458,C,train
257,1.0,1,female,28.0,0,0,79.2,C,train
258,1.0,1,female,30.0,0,0,86.5,S,train
259,1.0,1,female,35.0,0,0,512.3292,C,train
260,1.0,2,female,50.0,0,1,26.0,S,train
261,0.0,3,male,28.0,0,0,7.75,Q,train
262,1.0,3,male,3.0,4,2,31.3875,S,train
263,0.0,1,male,52.0,1,1,79.65,S,train
264,0.0,1,male,40.0,0,0,0.0,S,train
265,0.0,3,female,28.0,0,0,7.75,Q,train
266,0.0,2,male,36.0,0,0,10.5,S,train
267,0.0,3,male,16.0,4,1,39.6875,S,train
268,1.0,3,male,25.0,1,0,7.775,S,train
269,1.0,1,female,58.0,0,1,153.4625,S,train
270,1.0,1,female,35.0,0,0,135.6333,S,train
271,0.0,1,male,28.0,0,0,31.0,S,train
272,1.0,3,male,25.0,0,0,0.0,S,train
273,1.0,2,female,41.0,0,1,19.5,S,train
274,0.0,1,male,37.0,0,1,29.7,C,train
275,1.0,3,female,28.0,0,0,7.75,Q,train
276,1.0,1,female,63.0,1,0,77.9583,S,train
277,0.0,3,female,45.0,0,0,7.75,S,train
278,0.0,2,male,28.0,0,0,0.0,S,train
279,0.0,3,male,7.0,4,1,29.125,Q,train
280,1.0,3,female,35.0,1,1,20.25,S,train
281,0.0,3,male,65.0,0,0,7.75,Q,train
282,0.0,3,male,28.0,0,0,7.8542,S,train
283,0.0,3,male,16.0,0,0,9.5,S,train
284,1.0,3,male,19.0,0,0,8.05,S,train
285,0.0,1,male,28.0,0,0,26.0,S,train
286,0.0,3,male,33.0,0,0,8.6625,C,train
287,1.0,3,male,30.0,0,0,9.5,S,train
288,0.0,3,male,22.0,0,0,7.8958,S,train
289,1.0,2,male,42.0,0,0,13.0,S,train
290,1.0,3,female,22.0,0,0,7.75,Q,train
291,1.0,1,female,26.0,0,0,78.85,S,train
292,1.0,1,female,19.0,1,0,91.0792,C,train
293,0.0,2,male,36.0,0,0,12.875,C,train
294,0.0,3,female,24.0,0,0,8.85,S,train
295,0.0,3,male,24.0,0,0,7.8958,S,train
296,0.0,1,male,28.0,0,0,27.7208,C,train
297,0.0,3,male,23.5,0,0,7.2292,C,train
298,0.0,1,female,2.0,1,2,151.55,S,train
299,1.0,1,male,28.0,0,0,30.5,S,train
300,1.0,1,female,50.0,0,1,247.5208,C,train
301,1.0,3,female,28.0,0,0,7.75,Q,train
302,1.0,3,male,28.0,2,0,23.25,Q,train
303,0.0,3,male,19.0,0,0,0.0,S,train
304,1.0,2,female,28.0,0,0,12.35,Q,train
305,0.0,3,male,28.0,0,0,8.05,S,train
306,1.0,1,male,0.92,1,2,151.55,S,train
307,1.0,1,female,28.0,0,0,110.8833,C,train
308,1.0,1,female,17.0,1,0,108.9,C,train
309,0.0,2,male,30.0,1,0,24.0,C,train
310,1.0,1,female,30.0,0,0,56.9292,C,train
311,1.0,1,female,24.0,0,0,83.1583,C,train
312,1.0,1,female,18.0,2,2,262.375,C,train
313,0.0,2,female,26.0,1,1,26.0,S,train
314,0.0,3,male,28.0,0,0,7.8958,S,train
315,0.0,2,male,43.0,1,1,26.25,S,train
316,1.0,3,female,26.0,0,0,7.8542,S,train
317,1.0,2,female,24.0,1,0,26.0,S,train
318,0.0,2,male,54.0,0,0,14.0,S,train
319,1.0,1,female,31.0,0,2,164.8667,S,train
320,1.0,1,female,40.0,1,1,134.5,C,train
321,0.0,3,male,22.0,0,0,7.25,S,train
322,0.0,3,male,27.0,0,0,7.8958,S,train
323,1.0,2,female,30.0,0,0,12.35,Q,train
324,1.0,2,female,22.0,1,1,29.0,S,train
325,0.0,3,male,28.0,8,2,69.55,S,train
326,1.0,1,female,36.0,0,0,135.6333,C,train
327,0.0,3,male,61.0,0,0,6.2375,S,train
328,1.0,2,female,36.0,0,0,13.0,S,train
329,1.0,3,female,31.0,1,1,20.525,S,train
330,1.0,1,female,16.0,0,1,57.9792,C,train
331,1.0,3,female,28.0,2,0,23.25,Q,train
332,0.0,1,male,45.5,0,0,28.5,S,train
333,0.0,1,male,38.0,0,1,153.4625,S,train
334,0.0,3,male,16.0,2,0,18.0,S,train
335,1.0,1,female,28.0,1,0,133.65,S,train
336,0.0,3,male,28.0,0,0,7.8958,S,train
337,0.0,1,male,29.0,1,0,66.6,S,train
338,1.0,1,female,41.0,0,0,134.5,C,train
339,1.0,3,male,45.0,0,0,8.05,S,train
340,0.0,1,male,45.0,0,0,35.5,S,train
341,1.0,2,male,2.0,1,1,26.0,S,train
342,1.0,1,female,24.0,3,2,263.0,S,train
343,0.0,2,male,28.0,0,0,13.0,S,train
344,0.0,2,male,25.0,0,0,13.0,S,train
345,0.0,2,male,36.0,0,0,13.0,S,train
346,1.0,2,female,24.0,0,0,13.0,S,train
347,1.0,2,female,40.0,0,0,13.0,S,train
348,1.0,3,female,28.0,1,0,16.1,S,train
349,1.0,3,male,3.0,1,1,15.9,S,train
350,0.0,3,male,42.0,0,0,8.6625,S,train
351,0.0,3,male,23.0,0,0,9.225,S,train
352,0.0,1,male,28.0,0,0,35.0,S,train
353,0.0,3,male,15.0,1,1,7.2292,C,train
354,0.0,3,male,25.0,1,0,17.8,S,train
355,0.0,3,male,28.0,0,0,7.225,C,train
356,0.0,3,male,28.0,0,0,9.5,S,train
357,1.0,1,female,22.0,0,1,55.0,S,train
358,0.0,2,female,38.0,0,0,13.0,S,train
359,1.0,3,female,28.0,0,0,7.8792,Q,train
360,1.0,3,female,28.0,0,0,7.8792,Q,train
361,0.0,3,male,40.0,1,4,27.9,S,train
362,0.0,2,male,29.0,1,0,27.7208,C,train
363,0.0,3,female,45.0,0,1,14.4542,C,train
364,0.0,3,male,35.0,0,0,7.05,S,train
365,0.0,3,male,28.0,1,0,15.5,Q,train
366,0.0,3,male,30.0,0,0,7.25,S,train
367,1.0,1,female,60.0,1,0,75.25,C,train
368,1.0,3,female,28.0,0,0,7.2292,C,train
369,1.0,3,female,28.0,0,0,7.75,Q,train
370,1.0,1,female,24.0,0,0,69.3,C,train
371,1.0,1,male,25.0,1,0,55.4417,C,train
372,0.0,3,male,18.0,1,0,6.4958,S,train
373,0.0,3,male,19.0,0,0,8.05,S,train
374,0.0,1,male,22.0,0,0,135.6333,C,train
375,0.0,3,female,3.0,3,1,21.075,S,train
376,1.0,1,female,28.0,1,0,82.1708,C,train
377,1.0,3,female,22.0,0,0,7.25,S,train
378,0.0,1,male,27.0,0,2,211.5,C,train
379,0.0,3,male,20.0,0,0,4.0125,C,train
380,0.0,3,male,19.0,0,0,7.775,S,train
381,1.0,1,female,42.0,0,0,227.525,C,train
382,1.0,3,female,1.0,0,2,15.7417,C,train
383,0.0,3,male,32.0,0,0,7.925,S,train
384,1.0,1,female,35.0,1,0,52.0,S,train
385,0.0,3,male,28.0,0,0,7.8958,S,train
386,0.0,2,male,18.0,0,0,73.5,S,train
387,0.0,3,male,1.0,5,2,46.9,S,train
388,1.0,2,female,36.0,0,0,13.0,S,train
389,0.0,3,male,28.0,0,0,7.7292,Q,train
390,1.0,2,female,17.0,0,0,12.0,C,train
391,1.0,1,male,36.0,1,2,120.0,S,train
392,1.0,3,male,21.0,0,0,7.7958,S,train
393,0.0,3,male,28.0,2,0,7.925,S,train
394,1.0,1,female,23.0,1,0,113.275,C,train
395,1.0,3,female,24.0,0,2,16.7,S,train
396,0.0,3,male,22.0,0,0,7.7958,S,train
397,0.0,3,female,31.0,0,0,7.8542,S,train
398,0.0,2,male,46.0,0,0,26.0,S,train
399,0.0,2,male,23.0,0,0,10.5,S,train
400,1.0,2,female,28.0,0,0,12.65,S,train
401,1.0,3,male,39.0,0,0,7.925,S,train
402,0.0,3,male,26.0,0,0,8.05,S,train
403,0.0,3,female,21.0,1,0,9.825,S,train
404,0.0,3,male,28.0,1,0,15.85,S,train
405,0.0,3,female,20.0,0,0,8.6625,S,train
406,0.0,2,male,34.0,1,0,21.0,S,train
407,0.0,3,male,51.0,0,0,7.75,S,train
408,1.0,2,male,3.0,1,1,18.75,S,train
409,0.0,3,male,21.0,0,0,7.775,S,train
410,0.0,3,female,28.0,3,1,25.4667,S,train
411,0.0,3,male,28.0,0,0,7.8958,S,train
412,0.0,3,male,28.0,0,0,6.8583,Q,train
413,1.0,1,female,33.0,1,0,90.0,Q,train
414,0.0,2,male,28.0,0,0,0.0,S,train
415,1.0,3,male,44.0,0,0,7.925,S,train
416,0.0,3,female,28.0,0,0,8.05,S,train
417,1.0,2,female,34.0,1,1,32.5,S,train
418,1.0,2,female,18.0,0,2,13.0,S,train
419,0.0,2,male,30.0,0,0,13.0,S,train
420,0.0,3,female,10.0,0,2,24.15,S,train
421,0.0,3,male,28.0,0,0,7.8958,C,train
422,0.0,3,male,21.0,0,0,7.7333,Q,train
423,0.0,3,male,29.0,0,0,7.875,S,train
424,0.0,3,female,28.0,1,1,14.4,S,train
425,0.0,3,male,18.0,1,1,20.2125,S,train
426,0.0,3,male,28.0,0,0,7.25,S,train
427,1.0,2,female,28.0,1,0,26.0,S,train
428,1.0,2,female,19.0,0,0,26.0,S,train
429,0.0,3,male,28.0,0,0,7.75,Q,train
430,1.0,3,male,32.0,0,0,8.05,S,train
431,1.0,1,male,28.0,0,0,26.55,S,train
432,1.0,3,female,28.0,1,0,16.1,S,train
433,1.0,2,female,42.0,1,0,26.0,S,train
434,0.0,3,male,17.0,0,0,7.125,S,train
435,0.0,1,male,50.0,1,0,55.9,S,train
436,1.0,1,female,14.0,1,2,120.0,S,train
437,0.0,3,female,21.0,2,2,34.375,S,train
438,1.0,2,female,24.0,2,3,18.75,S,train
439,0.0,1,male,64.0,1,4,263.0,S,train
440,0.0,2,male,31.0,0,0,10.5,S,train
441,1.0,2,female,45.0,1,1,26.25,S,train
442,0.0,3,male,20.0,0,0,9.5,S,train
443,0.0,3,male,25.0,1,0,7.775,S,train
444,1.0,2,female,28.0,0,0,13.0,S,train
445,1.0,3,male,28.0,0,0,8.1125,S,train
446,1.0,1,male,4.0,0,2,81.8583,S,train
447,1.0,2,female,13.0,0,1,19.5,S,train
448,1.0,1,male,34.0,0,0,26.55,S,train
449,1.0,3,female,5.0,2,1,19.2583,C,train
450,1.0,1,male,52.0,0,0,30.5,S,train
451,0.0,2,male,36.0,1,2,27.75,S,train
452,0.0,3,male,28.0,1,0,19.9667,S,train
453,0.0,1,male,30.0,0,0,27.75,C,train
454,1.0,1,male,49.0,1,0,89.1042,C,train
455,0.0,3,male,28.0,0,0,8.05,S,train
456,1.0,3,male,29.0,0,0,7.8958,C,train
457,0.0,1,male,65.0,0,0,26.55,S,train
458,1.0,1,female,28.0,1,0,51.8625,S,train
459,1.0,2,female,50.0,0,0,10.5,S,train
460,0.0,3,male,28.0,0,0,7.75,Q,train
461,1.0,1,male,48.0,0,0,26.55,S,train
462,0.0,3,male,34.0,0,0,8.05,S,train
463,0.0,1,male,47.0,0,0,38.5,S,train
464,0.0,2,male,48.0,0,0,13.0,S,train
465,0.0,3,male,28.0,0,0,8.05,S,train
466,0.0,3,male,38.0,0,0,7.05,S,train
467,0.0,2,male,28.0,0,0,0.0,S,train
468,0.0,1,male,56.0,0,0,26.55,S,train
469,0.0,3,male,28.0,0,0,7.725,Q,train
470,1.0,3,female,0.75,2,1,19.2583,C,train
471,0.0,3,male,28.0,0,0,7.25,S,train
472,0.0,3,male,38.0,0,0,8.6625,S,train
473,1.0,2,female,33.0,1,2,27.75,S,train
474,1.0,2,female,23.0,0,0,13.7917,C,train
475,0.0,3,female,22.0,0,0,9.8375,S,train
476,0.0,1,male,28.0,0,0,52.0,S,train
477,0.0,2,male,34.0,1,0,21.0,S,train
478,0.0,3,male,29.0,1,0,7.0458,S,train
479,0.0,3,male,22.0,0,0,7.5208,S,train
480,1.0,3,female,2.0,0,1,12.2875,S,train
481,0.0,3,male,9.0,5,2,46.9,S,train
482,0.0,2,male,28.0,0,0,0.0,S,train
483,0.0,3,male,50.0,0,0,8.05,S,train
484,1.0,3,female,63.0,0,0,9.5875,S,train
485,1.0,1,male,25.0,1,0,91.0792,C,train
486,0.0,3,female,28.0,3,1,25.4667,S,train
487,1.0,1,female,35.0,1,0,90.0,S,train
488,0.0,1,male,58.0,0,0,29.7,C,train
489,0.0,3,male,30.0,0,0,8.05,S,train
490,1.0,3,male,9.0,1,1,15.9,S,train
491,0.0,3,male,28.0,1,0,19.9667,S,train
492,0.0,3,male,21.0,0,0,7.25,S,train
493,0.0,1,male,55.0,0,0,30.5,S,train
494,0.0,1,male,71.0,0,0,49.5042,C,train
495,0.0,3,male,21.0,0,0,8.05,S,train
496,0.0,3,male,28.0,0,0,14.4583,C,train
497,1.0,1,female,54.0,1,0,78.2667,C,train
498,0.0,3,male,28.0,0,0,15.1,S,train
499,0.0,1,female,25.0,1,2,151.55,S,train
500,0.0,3,male,24.0,0,0,7.7958,S,train
501,0.0,3,male,17.0,0,0,8.6625,S,train
502,0.0,3,female,21.0,0,0,7.75,Q,train
503,0.0,3,female,28.0,0,0,7.6292,Q,train
504,0.0,3,female,37.0,0,0,9.5875,S,train
505,1.0,1,female,16.0,0,0,86.5,S,train
506,0.0,1,male,18.0,1,0,108.9,C,train
507,1.0,2,female,33.0,0,2,26.0,S,train
508,1.0,1,male,28.0,0,0,26.55,S,train
509,0.0,3,male,28.0,0,0,22.525,S,train
510,1.0,3,male,26.0,0,0,56.4958,S,train
511,1.0,3,male,29.0,0,0,7.75,Q,train
512,0.0,3,male,28.0,0,0,8.05,S,train
513,1.0,1,male,36.0,0,0,26.2875,S,train
514,1.0,1,female,54.0,1,0,59.4,C,train
515,0.0,3,male,24.0,0,0,7.4958,S,train
516,0.0,1,male,47.0,0,0,34.0208,S,train
517,1.0,2,female,34.0,0,0,10.5,S,train
518,0.0,3,male,28.0,0,0,24.15,Q,train
519,1.0,2,female,36.0,1,0,26.0,S,train
520,0.0,3,male,32.0,0,0,7.8958,S,train
521,1.0,1,female,30.0,0,0,93.5,S,train
522,0.0,3,male,22.0,0,0,7.8958,S,train
523,0.0,3,male,28.0,0,0,7.225,C,train
524,1.0,1,female,44.0,0,1,57.9792,C,train
525,0.0,3,male,28.0,0,0,7.2292,C,train
526,0.0,3,male,40.5,0,0,7.75,Q,train
527,1.0,2,female,50.0,0,0,10.5,S,train
528,0.0,1,male,28.0,0,0,221.7792,S,train
529,0.0,3,male,39.0,0,0,7.925,S,train
530,0.0,2,male,23.0,2,1,11.5,S,train
531,1.0,2,female,2.0,1,1,26.0,S,train
532,0.0,3,male,28.0,0,0,7.2292,C,train
533,0.0,3,male,17.0,1,1,7.2292,C,train
534,1.0,3,female,28.0,0,2,22.3583,C,train
535,0.0,3,female,30.0,0,0,8.6625,S,train
536,1.0,2,female,7.0,0,2,26.25,S,train
537,0.0,1,male,45.0,0,0,26.55,S,train
538,1.0,1,female,30.0,0,0,106.425,C,train
539,0.0,3,male,28.0,0,0,14.5,S,train
540,1.0,1,female,22.0,0,2,49.5,C,train
541,1.0,1,female,36.0,0,2,71.0,S,train
542,0.0,3,female,9.0,4,2,31.275,S,train
543,0.0,3,female,11.0,4,2,31.275,S,train
544,1.0,2,male,32.0,1,0,26.0,S,train
545,0.0,1,male,50.0,1,0,106.425,C,train
546,0.0,1,male,64.0,0,0,26.0,S,train
547,1.0,2,female,19.0,1,0,26.0,S,train
548,1.0,2,male,28.0,0,0,13.8625,C,train
549,0.0,3,male,33.0,1,1,20.525,S,train
550,1.0,2,male,8.0,1,1,36.75,S,train
551,1.0,1,male,17.0,0,2,110.8833,C,train
552,0.0,2,male,27.0,0,0,26.0,S,train
553,0.0,3,male,28.0,0,0,7.8292,Q,train
554,1.0,3,male,22.0,0,0,7.225,C,train
555,1.0,3,female,22.0,0,0,7.775,S,train
556,0.0,1,male,62.0,0,0,26.55,S,train
557,1.0,1,female,48.0,1,0,39.6,C,train
558,0.0,1,male,28.0,0,0,227.525,C,train
559,1.0,1,female,39.0,1,1,79.65,S,train
560,1.0,3,female,36.0,1,0,17.4,S,train
561,0.0,3,male,28.0,0,0,7.75,Q,train
562,0.0,3,male,40.0,0,0,7.8958,S,train
563,0.0,2,male,28.0,0,0,13.5,S,train
564,0.0,3,male,28.0,0,0,8.05,S,train
565,0.0,3,female,28.0,0,0,8.05,S,train
566,0.0,3,male,24.0,2,0,24.15,S,train
567,0.0,3,male,19.0,0,0,7.8958,S,train
568,0.0,3,female,29.0,0,4,21.075,S,train
569,0.0,3,male,28.0,0,0,7.2292,C,train
570,1.0,3,male,32.0,0,0,7.8542,S,train
571,1.0,2,male,62.0,0,0,10.5,S,train
572,1.0,1,female,53.0,2,0,51.4792,S,train
573,1.0,1,male,36.0,0,0,26.3875,S,train
574,1.0,3,female,28.0,0,0,7.75,Q,train
575,0.0,3,male,16.0,0,0,8.05,S,train
576,0.0,3,male,19.0,0,0,14.5,S,train
577,1.0,2,female,34.0,0,0,13.0,S,train
578,1.0,1,female,39.0,1,0,55.9,S,train
579,0.0,3,female,28.0,1,0,14.4583,C,train
580,1.0,3,male,32.0,0,0,7.925,S,train
581,1.0,2,female,25.0,1,1,30.0,S,train
582,1.0,1,female,39.0,1,1,110.8833,C,train
583,0.0,2,male,54.0,0,0,26.0,S,train
584,0.0,1,male,36.0,0,0,40.125,C,train
585,0.0,3,male,28.0,0,0,8.7125,C,train
586,1.0,1,female,18.0,0,2,79.65,S,train
587,0.0,2,male,47.0,0,0,15.0,S,train
588,1.0,1,male,60.0,1,1,79.2,C,train
589,0.0,3,male,22.0,0,0,8.05,S,train
590,0.0,3,male,28.0,0,0,8.05,S,train
591,0.0,3,male,35.0,0,0,7.125,S,train
592,1.0,1,female,52.0,1,0,78.2667,C,train
593,0.0,3,male,47.0,0,0,7.25,S,train
594,0.0,3,female,28.0,0,2,7.75,Q,train
595,0.0,2,male,37.0,1,0,26.0,S,train
596,0.0,3,male,36.0,1,1,24.15,S,train
597,1.0,2,female,28.0,0,0,33.0,S,train
598,0.0,3,male,49.0,0,0,0.0,S,train
599,0.0,3,male,28.0,0,0,7.225,C,train
600,1.0,1,male,49.0,1,0,56.9292,C,train
601,1.0,2,female,24.0,2,1,27.0,S,train
602,0.0,3,male,28.0,0,0,7.8958,S,train
603,0.0,1,male,28.0,0,0,42.4,S,train
604,0.0,3,male,44.0,0,0,8.05,S,train
605,1.0,1,male,35.0,0,0,26.55,C,train
606,0.0,3,male,36.0,1,0,15.55,S,train
607,0.0,3,male,30.0,0,0,7.8958,S,train
608,1.0,1,male,27.0,0,0,30.5,S,train
609,1.0,2,female,22.0,1,2,41.5792,C,train
610,1.0,1,female,40.0,0,0,153.4625,S,train
611,0.0,3,female,39.0,1,5,31.275,S,train
612,0.0,3,male,28.0,0,0,7.05,S,train
613,1.0,3,female,28.0,1,0,15.5,Q,train
614,0.0,3,male,28.0,0,0,7.75,Q,train
615,0.0,3,male,35.0,0,0,8.05,S,train
616,1.0,2,female,24.0,1,2,65.0,S,train
617,0.0,3,male,34.0,1,1,14.4,S,train
618,0.0,3,female,26.0,1,0,16.1,S,train
619,1.0,2,female,4.0,2,1,39.0,S,train
620,0.0,2,male,26.0,0,0,10.5,S,train
621,0.0,3,male,27.0,1,0,14.4542,C,train
622,1.0,1,male,42.0,1,0,52.5542,S,train
623,1.0,3,male,20.0,1,1,15.7417,C,train
624,0.0,3,male,21.0,0,0,7.8542,S,train
625,0.0,3,male,21.0,0,0,16.1,S,train
626,0.0,1,male,61.0,0,0,32.3208,S,train
627,0.0,2,male,57.0,0,0,12.35,Q,train
628,1.0,1,female,21.0,0,0,77.9583,S,train
629,0.0,3,male,26.0,0,0,7.8958,S,train
630,0.0,3,male,28.0,0,0,7.7333,Q,train
631,1.0,1,male,80.0,0,0,30.0,S,train
632,0.0,3,male,51.0,0,0,7.0542,S,train
633,1.0,1,male,32.0,0,0,30.5,C,train
634,0.0,1,male,28.0,0,0,0.0,S,train
635,0.0,3,female,9.0,3,2,27.9,S,train
636,1.0,2,female,28.0,0,0,13.0,S,train
637,0.0,3,male,32.0,0,0,7.925,S,train
638,0.0,2,male,31.0,1,1,26.25,S,train
639,0.0,3,female,41.0,0,5,39.6875,S,train
640,0.0,3,male,28.0,1,0,16.1,S,train
641,0.0,3,male,20.0,0,0,7.8542,S,train
642,1.0,1,female,24.0,0,0,69.3,C,train
643,0.0,3,female,2.0,3,2,27.9,S,train
644,1.0,3,male,28.0,0,0,56.4958,S,train
645,1.0,3,female,0.75,2,1,19.2583,C,train
646,1.0,1,male,48.0,1,0,76.7292,C,train
647,0.0,3,male,19.0,0,0,7.8958,S,train
648,1.0,1,male,56.0,0,0,35.5,C,train
649,0.0,3,male,28.0,0,0,7.55,S,train
650,1.0,3,female,23.0,0,0,7.55,S,train
651,0.0,3,male,28.0,0,0,7.8958,S,train
652,1.0,2,female,18.0,0,1,23.0,S,train
653,0.0,3,male,21.0,0,0,8.4333,S,train
654,1.0,3,female,28.0,0,0,7.8292,Q,train
655,0.0,3,female,18.0,0,0,6.75,Q,train
656,0.0,2,male,24.0,2,0,73.5,S,train
657,0.0,3,male,28.0,0,0,7.8958,S,train
658,0.0,3,female,32.0,1,1,15.5,Q,train
659,0.0,2,male,23.0,0,0,13.0,S,train
660,0.0,1,male,58.0,0,2,113.275,C,train
661,1.0,1,male,50.0,2,0,133.65,S,train
662,0.0,3,male,40.0,0,0,7.225,C,train
663,0.0,1,male,47.0,0,0,25.5875,S,train
664,0.0,3,male,36.0,0,0,7.4958,S,train
665,1.0,3,male,20.0,1,0,7.925,S,train
666,0.0,2,male,32.0,2,0,73.5,S,train
667,0.0,2,male,25.0,0,0,13.0,S,train
668,0.0,3,male,28.0,0,0,7.775,S,train
669,0.0,3,male,43.0,0,0,8.05,S,train
670,1.0,1,female,28.0,1,0,52.0,S,train
671,1.0,2,female,40.0,1,1,39.0,S,train
672,0.0,1,male,31.0,1,0,52.0,S,train
673,0.0,2,male,70.0,0,0,10.5,S,train
674,1.0,2,male,31.0,0,0,13.0,S,train
675,0.0,2,male,28.0,0,0,0.0,S,train
676,0.0,3,male,18.0,0,0,7.775,S,train
677,0.0,3,male,24.5,0,0,8.05,S,train
678,1.0,3,female,18.0,0,0,9.8417,S,train
679,0.0,3,female,43.0,1,6,46.9,S,train
680,1.0,1,male,36.0,0,1,512.3292,C,train
681,0.0,3,female,28.0,0,0,8.1375,Q,train
682,1.0,1,male,27.0,0,0,76.7292,C,train
683,0.0,3,male,20.0,0,0,9.225,S,train
684,0.0,3,male,14.0,5,2,46.9,S,train
685,0.0,2,male,60.0,1,1,39.0,S,train
686,0.0,2,male,25.0,1,2,41.5792,C,train
687,0.0,3,male,14.0,4,1,39.6875,S,train
688,0.0,3,male,19.0,0,0,10.1708,S,train
689,0.0,3,male,18.0,0,0,7.7958,S,train
690,1.0,1,female,15.0,0,1,211.3375,S,train
691,1.0,1,male,31.0,1,0,57.0,S,train
692,1.0,3,female,4.0,0,1,13.4167,C,train
693,1.0,3,male,28.0,0,0,56.4958,S,train
694,0.0,3,male,25.0,0,0,7.225,C,train
695,0.0,1,male,60.0,0,0,26.55,S,train
696,0.0,2,male,52.0,0,0,13.5,S,train
697,0.0,3,male,44.0,0,0,8.05,S,train
698,1.0,3,female,28.0,0,0,7.7333,Q,train
699,0.0,1,male,49.0,1,1,110.8833,C,train
700,0.0,3,male,42.0,0,0,7.65,S,train
701,1.0,1,female,18.0,1,0,227.525,C,train
702,1.0,1,male,35.0,0,0,26.2875,S,train
703,0.0,3,female,18.0,0,1,14.4542,C,train
704,0.0,3,male,25.0,0,0,7.7417,Q,train
705,0.0,3,male,26.0,1,0,7.8542,S,train
706,0.0,2,male,39.0,0,0,26.0,S,train
707,1.0,2,female,45.0,0,0,13.5,S,train
708,1.0,1,male,42.0,0,0,26.2875,S,train
709,1.0,1,female,22.0,0,0,151.55,S,train
710,1.0,3,male,28.0,1,1,15.2458,C,train
711,1.0,1,female,24.0,0,0,49.5042,C,train
712,0.0,1,male,28.0,0,0,26.55,S,train
713,1.0,1,male,48.0,1,0,52.0,S,train
714,0.0,3,male,29.0,0,0,9.4833,S,train
715,0.0,2,male,52.0,0,0,13.0,S,train
716,0.0,3,male,19.0,0,0,7.65,S,train
717,1.0,1,female,38.0,0,0,227.525,C,train
718,1.0,2,female,27.0,0,0,10.5,S,train
719,0.0,3,male,28.0,0,0,15.5,Q,train
720,0.0,3,male,33.0,0,0,7.775,S,train
721,1.0,2,female,6.0,0,1,33.0,S,train
722,0.0,3,male,17.0,1,0,7.0542,S,train
723,0.0,2,male,34.0,0,0,13.0,S,train
724,0.0,2,male,50.0,0,0,13.0,S,train
725,1.0,1,male,27.0,1,0,53.1,S,train
726,0.0,3,male,20.0,0,0,8.6625,S,train
727,1.0,2,female,30.0,3,0,21.0,S,train
728,1.0,3,female,28.0,0,0,7.7375,Q,train
729,0.0,2,male,25.0,1,0,26.0,S,train
730,0.0,3,female,25.0,1,0,7.925,S,train
731,1.0,1,female,29.0,0,0,211.3375,S,train
732,0.0,3,male,11.0,0,0,18.7875,C,train
733,0.0,2,male,28.0,0,0,0.0,S,train
734,0.0,2,male,23.0,0,0,13.0,S,train
735,0.0,2,male,23.0,0,0,13.0,S,train
736,0.0,3,male,28.5,0,0,16.1,S,train
737,0.0,3,female,48.0,1,3,34.375,S,train
738,1.0,1,male,35.0,0,0,512.3292,C,train
739,0.0,3,male,28.0,0,0,7.8958,S,train
740,0.0,3,male,28.0,0,0,7.8958,S,train
741,1.0,1,male,28.0,0,0,30.0,S,train
742,0.0,1,male,36.0,1,0,78.85,S,train
743,1.0,1,female,21.0,2,2,262.375,C,train
744,0.0,3,male,24.0,1,0,16.1,S,train
745,1.0,3,male,31.0,0,0,7.925,S,train
746,0.0,1,male,70.0,1,1,71.0,S,train
747,0.0,3,male,16.0,1,1,20.25,S,train
748,1.0,2,female,30.0,0,0,13.0,S,train
749,0.0,1,male,19.0,1,0,53.1,S,train
750,0.0,3,male,31.0,0,0,7.75,Q,train
751,1.0,2,female,4.0,1,1,23.0,S,train
752,1.0,3,male,6.0,0,1,12.475,S,train
753,0.0,3,male,33.0,0,0,9.5,S,train
754,0.0,3,male,23.0,0,0,7.8958,S,train
755,1.0,2,female,48.0,1,2,65.0,S,train
756,1.0,2,male,0.67,1,1,14.5,S,train
757,0.0,3,male,28.0,0,0,7.7958,S,train
758,0.0,2,male,18.0,0,0,11.5,S,train
759,0.0,3,male,34.0,0,0,8.05,S,train
760,1.0,1,female,33.0,0,0,86.5,S,train
761,0.0,3,male,28.0,0,0,14.5,S,train
762,0.0,3,male,41.0,0,0,7.125,S,train
763,1.0,3,male,20.0,0,0,7.2292,C,train
764,1.0,1,female,36.0,1,2,120.0,S,train
765,0.0,3,male,16.0,0,0,7.775,S,train
766,1.0,1,female,51.0,1,0,77.9583,S,train
767,0.0,1,male,28.0,0,0,39.6,C,train
768,0.0,3,female,30.5,0,0,7.75,Q,train
769,0.0,3,male,28.0,1,0,24.15,Q,train
770,0.0,3,male,32.0,0,0,8.3625,S,train
771,0.0,3,male,24.0,0,0,9.5,S,train
772,0.0,3,male,48.0,0,0,7.8542,S,train
773,0.0,2,female,57.0,0,0,10.5,S,train
774,0.0,3,male,28.0,0,0,7.225,C,train
775,1.0,2,female,54.0,1,3,23.0,S,train
776,0.0,3,male,18.0,0,0,7.75,S,train
777,0.0,3,male,28.0,0,0,7.75,Q,train
778,1.0,3,female,5.0,0,0,12.475,S,train
779,0.0,3,male,28.0,0,0,7.7375,Q,train
780,1.0,1,female,43.0,0,1,211.3375,S,train
781,1.0,3,female,13.0,0,0,7.2292,C,train
782,1.0,1,female,17.0,1,0,57.0,S,train
783,0.0,1,male,29.0,0,0,30.0,S,train
784,0.0,3,male,28.0,1,2,23.45,S,train
785,0.0,3,male,25.0,0,0,7.05,S,train
786,0.0,3,male,25.0,0,0,7.25,S,train
787,1.0,3,female,18.0,0,0,7.4958,S,train
788,0.0,3,male,8.0,4,1,29.125,Q,train
789,1.0,3,male,1.0,1,2,20.575,S,train
790,0.0,1,male,46.0,0,0,79.2,C,train
791,0.0,3,male,28.0,0,0,7.75,Q,train
792,0.0,2,male,16.0,0,0,26.0,S,train
793,0.0,3,female,28.0,8,2,69.55,S,train
794,0.0,1,male,28.0,0,0,30.6958,C,train
795,0.0,3,male,25.0,0,0,7.8958,S,train
796,0.0,2,male,39.0,0,0,13.0,S,train
797,1.0,1,female,49.0,0,0,25.9292,S,train
798,1.0,3,female,31.0,0,0,8.6833,S,train
799,0.0,3,male,30.0,0,0,7.2292,C,train
800,0.0,3,female,30.0,1,1,24.15,S,train
801,0.0,2,male,34.0,0,0,13.0,S,train
802,1.0,2,female,31.0,1,1,26.25,S,train
803,1.0,1,male,11.0,1,2,120.0,S,train
804,1.0,3,male,0.42,0,1,8.5167,C,train
805,1.0,3,male,27.0,0,0,6.975,S,train
806,0.0,3,male,31.0,0,0,7.775,S,train
807,0.0,1,male,39.0,0,0,0.0,S,train
808,0.0,3,female,18.0,0,0,7.775,S,train
809,0.0,2,male,39.0,0,0,13.0,S,train
810,1.0,1,female,33.0,1,0,53.1,S,train
811,0.0,3,male,26.0,0,0,7.8875,S,train
812,0.0,3,male,39.0,0,0,24.15,S,train
813,0.0,2,male,35.0,0,0,10.5,S,train
814,0.0,3,female,6.0,4,2,31.275,S,train
815,0.0,3,male,30.5,0,0,8.05,S,train
816,0.0,1,male,28.0,0,0,0.0,S,train
817,0.0,3,female,23.0,0,0,7.925,S,train
818,0.0,2,male,31.0,1,1,37.0042,C,train
819,0.0,3,male,43.0,0,0,6.45,S,train
820,0.0,3,male,10.0,3,2,27.9,S,train
821,1.0,1,female,52.0,1,1,93.5,S,train
822,1.0,3,male,27.0,0,0,8.6625,S,train
823,0.0,1,male,38.0,0,0,0.0,S,train
824,1.0,3,female,27.0,0,1,12.475,S,train
825,0.0,3,male,2.0,4,1,39.6875,S,train
826,0.0,3,male,28.0,0,0,6.95,Q,train
827,0.0,3,male,28.0,0,0,56.4958,S,train
828,1.0,2,male,1.0,0,2,37.0042,C,train
829,1.0,3,male,28.0,0,0,7.75,Q,train
830,1.0,1,female,62.0,0,0,80.0,S,train
831,1.0,3,female,15.0,1,0,14.4542,C,train
832,1.0,2,male,0.83,1,1,18.75,S,train
833,0.0,3,male,28.0,0,0,7.2292,C,train
834,0.0,3,male,23.0,0,0,7.8542,S,train
835,0.0,3,male,18.0,0,0,8.3,S,train
836,1.0,1,female,39.0,1,1,83.1583,C,train
837,0.0,3,male,21.0,0,0,8.6625,S,train
838,0.0,3,male,28.0,0,0,8.05,S,train
839,1.0,3,male,32.0,0,0,56.4958,S,train
840,1.0,1,male,28.0,0,0,29.7,C,train
841,0.0,3,male,20.0,0,0,7.925,S,train
842,0.0,2,male,16.0,0,0,10.5,S,train
843,1.0,1,female,30.0,0,0,31.0,C,train
844,0.0,3,male,34.5,0,0,6.4375,C,train
845,0.0,3,male,17.0,0,0,8.6625,S,train
846,0.0,3,male,42.0,0,0,7.55,S,train
847,0.0,3,male,28.0,8,2,69.55,S,train
848,0.0,3,male,35.0,0,0,7.8958,C,train
849,0.0,2,male,28.0,0,1,33.0,S,train
850,1.0,1,female,28.0,1,0,89.1042,C,train
851,0.0,3,male,4.0,4,2,31.275,S,train
852,0.0,3,male,74.0,0,0,7.775,S,train
853,0.0,3,female,9.0,1,1,15.2458,C,train
854,1.0,1,female,16.0,0,1,39.4,S,train
855,0.0,2,female,44.0,1,0,26.0,S,train
856,1.0,3,female,18.0,0,1,9.35,S,train
857,1.0,1,female,45.0,1,1,164.8667,S,train
858,1.0,1,male,51.0,0,0,26.55,S,train
859,1.0,3,female,24.0,0,3,19.2583,C,train
860,0.0,3,male,28.0,0,0,7.2292,C,train
861,0.0,3,male,41.0,2,0,14.1083,S,train
862,0.0,2,male,21.0,1,0,11.5,S,train
863,1.0,1,female,48.0,0,0,25.9292,S,train
864,0.0,3,female,28.0,8,2,69.55,S,train
865,0.0,2,male,24.0,0,0,13.0,S,train
866,1.0,2,female,42.0,0,0,13.0,S,train
867,1.0,2,female,27.0,1,0,13.8583,C,train
868,0.0,1,male,31.0,0,0,50.4958,S,train
869,0.0,3,male,28.0,0,0,9.5,S,train
870,1.0,3,male,4.0,1,1,11.1333,S,train
871,0.0,3,male,26.0,0,0,7.8958,S,train
872,1.0,1,female,47.0,1,1,52.5542,S,train
873,0.0,1,male,33.0,0,0,5.0,S,train
874,0.0,3,male,47.0,0,0,9.0,S,train
875,1.0,2,female,28.0,1,0,24.0,C,train
876,1.0,3,female,15.0,0,0,7.225,C,train
877,0.0,3,male,20.0,0,0,9.8458,S,train
878,0.0,3,male,19.0,0,0,7.8958,S,train
879,0.0,3,male,28.0,0,0,7.8958,S,train
880,1.0,1,female,56.0,0,1,83.1583,C,train
881,1.0,2,female,25.0,0,1,26.0,S,train
882,0.0,3,male,33.0,0,0,7.8958,S,train
883,0.0,3,female,22.0,0,0,10.5167,S,train
884,0.0,2,male,28.0,0,0,10.5,S,train
885,0.0,3,male,25.0,0,0,7.05,S,train
886,0.0,3,female,39.0,0,5,29.125,Q,train
887,0.0,2,male,27.0,0,0,13.0,S,train
888,1.0,1,female,19.0,0,0,30.0,S,train
889,0.0,3,female,28.0,1,2,23.45,S,train
890,1.0,1,male,26.0,0,0,30.0,C,train
891,0.0,3,male,32.0,0,0,7.75,Q,train
892,,3,male,34.5,0,0,7.8292,Q,test
893,,3,female,47.0,1,0,7.0,S,test
894,,2,male,62.0,0,0,9.6875,Q,test
895,,3,male,27.0,0,0,8.6625,S,test
896,,3,female,22.0,1,1,12.2875,S,test
897,,3,male,14.0,0,0,9.225,S,test
898,,3,female,30.0,0,0,7.6292,Q,test
899,,2,male,26.0,1,1,29.0,S,test
900,,3,female,18.0,0,0,7.2292,C,test
901,,3,male,21.0,2,0,24.15,S,test
902,,3,male,28.0,0,0,7.8958,S,test
903,,1,male,46.0,0,0,26.0,S,test
904,,1,female,23.0,1,0,82.2667,S,test
905,,2,male,63.0,1,0,26.0,S,test
906,,1,female,47.0,1,0,61.175,S,test
907,,2,female,24.0,1,0,27.7208,C,test
908,,2,male,35.0,0,0,12.35,Q,test
909,,3,male,21.0,0,0,7.225,C,test
910,,3,female,27.0,1,0,7.925,S,test
911,,3,female,45.0,0,0,7.225,C,test
912,,1,male,55.0,1,0,59.4,C,test
913,,3,male,9.0,0,1,3.1708,S,test
914,,1,female,28.0,0,0,31.6833,S,test
915,,1,male,21.0,0,1,61.3792,C,test
916,,1,female,48.0,1,3,262.375,C,test
917,,3,male,50.0,1,0,14.5,S,test
918,,1,female,22.0,0,1,61.9792,C,test
919,,3,male,22.5,0,0,7.225,C,test
920,,1,male,41.0,0,0,30.5,S,test
921,,3,male,28.0,2,0,21.6792,C,test
922,,2,male,50.0,1,0,26.0,S,test
923,,2,male,24.0,2,0,31.5,S,test
924,,3,female,33.0,1,2,20.575,S,test
925,,3,female,28.0,1,2,23.45,S,test
926,,1,male,30.0,1,0,57.75,C,test
927,,3,male,18.5,0,0,7.2292,C,test
928,,3,female,28.0,0,0,8.05,S,test
929,,3,female,21.0,0,0,8.6625,S,test
930,,3,male,25.0,0,0,9.5,S,test
931,,3,male,28.0,0,0,56.4958,S,test
932,,3,male,39.0,0,1,13.4167,C,test
933,,1,male,28.0,0,0,26.55,S,test
934,,3,male,41.0,0,0,7.85,S,test
935,,2,female,30.0,0,0,13.0,S,test
936,,1,female,45.0,1,0,52.5542,S,test
937,,3,male,25.0,0,0,7.925,S,test
938,,1,male,45.0,0,0,29.7,C,test
939,,3,male,28.0,0,0,7.75,Q,test
940,,1,female,60.0,0,0,76.2917,C,test
941,,3,female,36.0,0,2,15.9,S,test
942,,1,male,24.0,1,0,60.0,S,test
943,,2,male,27.0,0,0,15.0333,C,test
944,,2,female,20.0,2,1,23.0,S,test
945,,1,female,28.0,3,2,263.0,S,test
946,,2,male,28.0,0,0,15.5792,C,test
947,,3,male,10.0,4,1,29.125,Q,test
948,,3,male,35.0,0,0,7.8958,S,test
949,,3,male,25.0,0,0,7.65,S,test
950,,3,male,28.0,1,0,16.1,S,test
951,,1,female,36.0,0,0,262.375,C,test
952,,3,male,17.0,0,0,7.8958,S,test
953,,2,male,32.0,0,0,13.5,S,test
954,,3,male,18.0,0,0,7.75,S,test
955,,3,female,22.0,0,0,7.725,Q,test
956,,1,male,13.0,2,2,262.375,C,test
957,,2,female,28.0,0,0,21.0,S,test
958,,3,female,18.0,0,0,7.8792,Q,test
959,,1,male,47.0,0,0,42.4,S,test
960,,1,male,31.0,0,0,28.5375,C,test
961,,1,female,60.0,1,4,263.0,S,test
962,,3,female,24.0,0,0,7.75,Q,test
963,,3,male,21.0,0,0,7.8958,S,test
964,,3,female,29.0,0,0,7.925,S,test
965,,1,male,28.5,0,0,27.7208,C,test
966,,1,female,35.0,0,0,211.5,C,test
967,,1,male,32.5,0,0,211.5,C,test
968,,3,male,28.0,0,0,8.05,S,test
969,,1,female,55.0,2,0,25.7,S,test
970,,2,male,30.0,0,0,13.0,S,test
971,,3,female,24.0,0,0,7.75,Q,test
972,,3,male,6.0,1,1,15.2458,C,test
973,,1,male,67.0,1,0,221.7792,S,test
974,,1,male,49.0,0,0,26.0,S,test
975,,3,male,28.0,0,0,7.8958,S,test
976,,2,male,28.0,0,0,10.7083,Q,test
977,,3,male,28.0,1,0,14.4542,C,test
978,,3,female,27.0,0,0,7.8792,Q,test
979,,3,female,18.0,0,0,8.05,S,test
980,,3,female,28.0,0,0,7.75,Q,test
981,,2,male,2.0,1,1,23.0,S,test
982,,3,female,22.0,1,0,13.9,S,test
983,,3,male,28.0,0,0,7.775,S,test
984,,1,female,27.0,1,2,52.0,S,test
985,,3,male,28.0,0,0,8.05,S,test
986,,1,male,25.0,0,0,26.0,C,test
987,,3,male,25.0,0,0,7.7958,S,test
988,,1,female,76.0,1,0,78.85,S,test
989,,3,male,29.0,0,0,7.925,S,test
990,,3,female,20.0,0,0,7.8542,S,test
991,,3,male,33.0,0,0,8.05,S,test
992,,1,female,43.0,1,0,55.4417,C,test
993,,2,male,27.0,1,0,26.0,S,test
994,,3,male,28.0,0,0,7.75,Q,test
995,,3,male,26.0,0,0,7.775,S,test
996,,3,female,16.0,1,1,8.5167,C,test
997,,3,male,28.0,0,0,22.525,S,test
998,,3,male,21.0,0,0,7.8208,Q,test
999,,3,male,28.0,0,0,7.75,Q,test
1000,,3,male,28.0,0,0,8.7125,S,test
1001,,2,male,18.5,0,0,13.0,S,test
1002,,2,male,41.0,0,0,15.0458,C,test
1003,,3,female,28.0,0,0,7.7792,Q,test
1004,,1,female,36.0,0,0,31.6792,C,test
1005,,3,female,18.5,0,0,7.2833,Q,test
1006,,1,female,63.0,1,0,221.7792,S,test
1007,,3,male,18.0,1,0,14.4542,C,test
1008,,3,male,28.0,0,0,6.4375,C,test
1009,,3,female,1.0,1,1,16.7,S,test
1010,,1,male,36.0,0,0,75.2417,C,test
1011,,2,female,29.0,1,0,26.0,S,test
1012,,2,female,12.0,0,0,15.75,S,test
1013,,3,male,28.0,1,0,7.75,Q,test
1014,,1,female,35.0,1,0,57.75,C,test
1015,,3,male,28.0,0,0,7.25,S,test
1016,,3,male,28.0,0,0,7.75,Q,test
1017,,3,female,17.0,0,1,16.1,S,test
1018,,3,male,22.0,0,0,7.7958,S,test
1019,,3,female,28.0,2,0,23.25,Q,test
1020,,2,male,42.0,0,0,13.0,S,test
1021,,3,male,24.0,0,0,8.05,S,test
1022,,3,male,32.0,0,0,8.05,S,test
1023,,1,male,53.0,0,0,28.5,C,test
1024,,3,female,28.0,0,4,25.4667,S,test
1025,,3,male,28.0,1,0,6.4375,C,test
1026,,3,male,43.0,0,0,7.8958,S,test
1027,,3,male,24.0,0,0,7.8542,S,test
1028,,3,male,26.5,0,0,7.225,C,test
1029,,2,male,26.0,0,0,13.0,S,test
1030,,3,female,23.0,0,0,8.05,S,test
1031,,3,male,40.0,1,6,46.9,S,test
1032,,3,female,10.0,5,2,46.9,S,test
1033,,1,female,33.0,0,0,151.55,S,test
1034,,1,male,61.0,1,3,262.375,C,test
1035,,2,male,28.0,0,0,26.0,S,test
1036,,1,male,42.0,0,0,26.55,S,test
1037,,3,male,31.0,3,0,18.0,S,test
1038,,1,male,28.0,0,0,51.8625,S,test
1039,,3,male,22.0,0,0,8.05,S,test
1040,,1,male,28.0,0,0,26.55,S,test
1041,,2,male,30.0,1,1,26.0,S,test
1042,,1,female,23.0,0,1,83.1583,C,test
1043,,3,male,28.0,0,0,7.8958,C,test
1044,,3,male,60.5,0,0,,S,test
1045,,3,female,36.0,0,2,12.1833,S,test
1046,,3,male,13.0,4,2,31.3875,S,test
1047,,3,male,24.0,0,0,7.55,S,test
1048,,1,female,29.0,0,0,221.7792,S,test
1049,,3,female,23.0,0,0,7.8542,S,test
1050,,1,male,42.0,0,0,26.55,S,test
1051,,3,female,26.0,0,2,13.775,S,test
1052,,3,female,28.0,0,0,7.7333,Q,test
1053,,3,male,7.0,1,1,15.2458,C,test
1054,,2,female,26.0,0,0,13.5,S,test
1055,,3,male,28.0,0,0,7.0,S,test
1056,,2,male,41.0,0,0,13.0,S,test
1057,,3,female,26.0,1,1,22.025,S,test
1058,,1,male,48.0,0,0,50.4958,C,test
1059,,3,male,18.0,2,2,34.375,S,test
1060,,1,female,28.0,0,0,27.7208,C,test
1061,,3,female,22.0,0,0,8.9625,S,test
1062,,3,male,28.0,0,0,7.55,S,test
1063,,3,male,27.0,0,0,7.225,C,test
1064,,3,male,23.0,1,0,13.9,S,test
1065,,3,male,28.0,0,0,7.2292,C,test
1066,,3,male,40.0,1,5,31.3875,S,test
1067,,2,female,15.0,0,2,39.0,S,test
1068,,2,female,20.0,0,0,36.75,S,test
1069,,1,male,54.0,1,0,55.4417,C,test
1070,,2,female,36.0,0,3,39.0,S,test
1071,,1,female,64.0,0,2,83.1583,C,test
1072,,2,male,30.0,0,0,13.0,S,test
1073,,1,male,37.0,1,1,83.1583,C,test
1074,,1,female,18.0,1,0,53.1,S,test
1075,,3,male,28.0,0,0,7.75,Q,test
1076,,1,female,27.0,1,1,247.5208,C,test
1077,,2,male,40.0,0,0,16.0,S,test
1078,,2,female,21.0,0,1,21.0,S,test
1079,,3,male,17.0,2,0,8.05,S,test
1080,,3,female,28.0,8,2,69.55,S,test
1081,,2,male,40.0,0,0,13.0,S,test
1082,,2,male,34.0,1,0,26.0,S,test
1083,,1,male,28.0,0,0,26.0,S,test
1084,,3,male,11.5,1,1,14.5,S,test
1085,,2,male,61.0,0,0,12.35,Q,test
1086,,2,male,8.0,0,2,32.5,S,test
1087,,3,male,33.0,0,0,7.8542,S,test
1088,,1,male,6.0,0,2,134.5,C,test
1089,,3,female,18.0,0,0,7.775,S,test
1090,,2,male,23.0,0,0,10.5,S,test
1091,,3,female,28.0,0,0,8.1125,S,test
1092,,3,female,28.0,0,0,15.5,Q,test
1093,,3,male,0.33,0,2,14.4,S,test
1094,,1,male,47.0,1,0,227.525,C,test
1095,,2,female,8.0,1,1,26.0,S,test
1096,,2,male,25.0,0,0,10.5,S,test
1097,,1,male,28.0,0,0,25.7417,C,test
1098,,3,female,35.0,0,0,7.75,Q,test
1099,,2,male,24.0,0,0,10.5,S,test
1100,,1,female,33.0,0,0,27.7208,C,test
1101,,3,male,25.0,0,0,7.8958,S,test
1102,,3,male,32.0,0,0,22.525,S,test
1103,,3,male,28.0,0,0,7.05,S,test
1104,,2,male,17.0,0,0,73.5,S,test
1105,,2,female,60.0,1,0,26.0,S,test
1106,,3,female,38.0,4,2,7.775,S,test
1107,,1,male,42.0,0,0,42.5,S,test
1108,,3,female,28.0,0,0,7.8792,Q,test
1109,,1,male,57.0,1,1,164.8667,S,test
1110,,1,female,50.0,1,1,211.5,C,test
1111,,3,male,28.0,0,0,8.05,S,test
1112,,2,female,30.0,1,0,13.8583,C,test
1113,,3,male,21.0,0,0,8.05,S,test
1114,,2,female,22.0,0,0,10.5,S,test
1115,,3,male,21.0,0,0,7.7958,S,test
1116,,1,female,53.0,0,0,27.4458,C,test
1117,,3,female,28.0,0,2,15.2458,C,test
1118,,3,male,23.0,0,0,7.7958,S,test
1119,,3,female,28.0,0,0,7.75,Q,test
1120,,3,male,40.5,0,0,15.1,S,test
1121,,2,male,36.0,0,0,13.0,S,test
1122,,2,male,14.0,0,0,65.0,S,test
1123,,1,female,21.0,0,0,26.55,S,test
1124,,3,male,21.0,1,0,6.4958,S,test
1125,,3,male,28.0,0,0,7.8792,Q,test
1126,,1,male,39.0,1,0,71.2833,C,test
1127,,3,male,20.0,0,0,7.8542,S,test
1128,,1,male,64.0,1,0,75.25,C,test
1129,,3,male,20.0,0,0,7.225,C,test
1130,,2,female,18.0,1,1,13.0,S,test
1131,,1,female,48.0,1,0,106.425,C,test
1132,,1,female,55.0,0,0,27.7208,C,test
1133,,2,female,45.0,0,2,30.0,S,test
1134,,1,male,45.0,1,1,134.5,C,test
1135,,3,male,28.0,0,0,7.8875,S,test
1136,,3,male,28.0,1,2,23.45,S,test
1137,,1,male,41.0,1,0,51.8625,S,test
1138,,2,female,22.0,0,0,21.0,S,test
1139,,2,male,42.0,1,1,32.5,S,test
1140,,2,female,29.0,1,0,26.0,S,test
1141,,3,female,28.0,1,0,14.4542,C,test
1142,,2,female,0.92,1,2,27.75,S,test
1143,,3,male,20.0,0,0,7.925,S,test
1144,,1,male,27.0,1,0,136.7792,C,test
1145,,3,male,24.0,0,0,9.325,S,test
1146,,3,male,32.5,0,0,9.5,S,test
1147,,3,male,28.0,0,0,7.55,S,test
1148,,3,male,28.0,0,0,7.75,Q,test
1149,,3,male,28.0,0,0,8.05,S,test
1150,,2,female,19.0,0,0,13.0,S,test
1151,,3,male,21.0,0,0,7.775,S,test
1152,,3,male,36.5,1,0,17.4,S,test
1153,,3,male,21.0,0,0,7.8542,S,test
1154,,2,female,29.0,0,2,23.0,S,test
1155,,3,female,1.0,1,1,12.1833,S,test
1156,,2,male,30.0,0,0,12.7375,C,test
1157,,3,male,28.0,0,0,7.8958,S,test
1158,,1,male,28.0,0,0,0.0,S,test
1159,,3,male,28.0,0,0,7.55,S,test
1160,,3,female,28.0,0,0,8.05,S,test
1161,,3,male,17.0,0,0,8.6625,S,test
1162,,1,male,46.0,0,0,75.2417,C,test
1163,,3,male,28.0,0,0,7.75,Q,test
1164,,1,female,26.0,1,0,136.7792,C,test
1165,,3,female,28.0,1,0,15.5,Q,test
1166,,3,male,28.0,0,0,7.225,C,test
1167,,2,female,20.0,1,0,26.0,S,test
1168,,2,male,28.0,0,0,10.5,S,test
1169,,2,male,40.0,1,0,26.0,S,test
1170,,2,male,30.0,1,0,21.0,S,test
1171,,2,male,22.0,0,0,10.5,S,test
1172,,3,female,23.0,0,0,8.6625,S,test
1173,,3,male,0.75,1,1,13.775,S,test
1174,,3,female,28.0,0,0,7.75,Q,test
1175,,3,female,9.0,1,1,15.2458,C,test
1176,,3,female,2.0,1,1,20.2125,S,test
1177,,3,male,36.0,0,0,7.25,S,test
1178,,3,male,28.0,0,0,7.25,S,test
1179,,1,male,24.0,1,0,82.2667,S,test
1180,,3,male,28.0,0,0,7.2292,C,test
1181,,3,male,28.0,0,0,8.05,S,test
1182,,1,male,28.0,0,0,39.6,S,test
1183,,3,female,30.0,0,0,6.95,Q,test
1184,,3,male,28.0,0,0,7.2292,C,test
1185,,1,male,53.0,1,1,81.8583,S,test
1186,,3,male,36.0,0,0,9.5,S,test
1187,,3,male,26.0,0,0,7.8958,S,test
1188,,2,female,1.0,1,2,41.5792,C,test
1189,,3,male,28.0,2,0,21.6792,C,test
1190,,1,male,30.0,0,0,45.5,S,test
1191,,3,male,29.0,0,0,7.8542,S,test
1192,,3,male,32.0,0,0,7.775,S,test
1193,,2,male,28.0,0,0,15.0458,C,test
1194,,2,male,43.0,0,1,21.0,S,test
1195,,3,male,24.0,0,0,8.6625,S,test
1196,,3,female,28.0,0,0,7.75,Q,test
1197,,1,female,64.0,1,1,26.55,S,test
1198,,1,male,30.0,1,2,151.55,S,test
1199,,3,male,0.83,0,1,9.35,S,test
1200,,1,male,55.0,1,1,93.5,S,test
1201,,3,female,45.0,1,0,14.1083,S,test
1202,,3,male,18.0,0,0,8.6625,S,test
1203,,3,male,22.0,0,0,7.225,C,test
1204,,3,male,28.0,0,0,7.575,S,test
1205,,3,female,37.0,0,0,7.75,Q,test
1206,,1,female,55.0,0,0,135.6333,C,test
1207,,3,female,17.0,0,0,7.7333,Q,test
1208,,1,male,57.0,1,0,146.5208,C,test
1209,,2,male,19.0,0,0,10.5,S,test
1210,,3,male,27.0,0,0,7.8542,S,test
1211,,2,male,22.0,2,0,31.5,S,test
1212,,3,male,26.0,0,0,7.775,S,test
1213,,3,male,25.0,0,0,7.2292,C,test
1214,,2,male,26.0,0,0,13.0,S,test
1215,,1,male,33.0,0,0,26.55,S,test
1216,,1,female,39.0,0,0,211.3375,S,test
1217,,3,male,23.0,0,0,7.05,S,test
1218,,2,female,12.0,2,1,39.0,S,test
1219,,1,male,46.0,0,0,79.2,C,test
1220,,2,male,29.0,1,0,26.0,S,test
1221,,2,male,21.0,0,0,13.0,S,test
1222,,2,female,48.0,0,2,36.75,S,test
1223,,1,male,39.0,0,0,29.7,C,test
1224,,3,male,28.0,0,0,7.225,C,test
1225,,3,female,19.0,1,1,15.7417,C,test
1226,,3,male,27.0,0,0,7.8958,S,test
1227,,1,male,30.0,0,0,26.0,S,test
1228,,2,male,32.0,0,0,13.0,S,test
1229,,3,male,39.0,0,2,7.2292,C,test
1230,,2,male,25.0,0,0,31.5,S,test
1231,,3,male,28.0,0,0,7.2292,C,test
1232,,2,male,18.0,0,0,10.5,S,test
1233,,3,male,32.0,0,0,7.5792,S,test
1234,,3,male,28.0,1,9,69.55,S,test
1235,,1,female,58.0,0,1,512.3292,C,test
1236,,3,male,28.0,1,1,14.5,S,test
1237,,3,female,16.0,0,0,7.65,S,test
1238,,2,male,26.0,0,0,13.0,S,test
1239,,3,female,38.0,0,0,7.2292,C,test
1240,,2,male,24.0,0,0,13.5,S,test
1241,,2,female,31.0,0,0,21.0,S,test
1242,,1,female,45.0,0,1,63.3583,C,test
1243,,2,male,25.0,0,0,10.5,S,test
1244,,2,male,18.0,0,0,73.5,S,test
1245,,2,male,49.0,1,2,65.0,S,test
1246,,3,female,0.17,1,2,20.575,S,test
1247,,1,male,50.0,0,0,26.0,S,test
1248,,1,female,59.0,2,0,51.4792,S,test
1249,,3,male,28.0,0,0,7.8792,S,test
1250,,3,male,28.0,0,0,7.75,Q,test
1251,,3,female,30.0,1,0,15.55,S,test
1252,,3,male,14.5,8,2,69.55,S,test
1253,,2,female,24.0,1,1,37.0042,C,test
1254,,2,female,31.0,0,0,21.0,S,test
1255,,3,male,27.0,0,0,8.6625,S,test
1256,,1,female,25.0,1,0,55.4417,C,test
1257,,3,female,28.0,1,9,69.55,S,test
1258,,3,male,28.0,1,0,14.4583,C,test
1259,,3,female,22.0,0,0,39.6875,S,test
1260,,1,female,45.0,0,1,59.4,C,test
1261,,2,male,29.0,0,0,13.8583,C,test
1262,,2,male,21.0,1,0,11.5,S,test
1263,,1,female,31.0,0,0,134.5,C,test
1264,,1,male,49.0,0,0,0.0,S,test
1265,,2,male,44.0,0,0,13.0,S,test
1266,,1,female,54.0,1,1,81.8583,S,test
1267,,1,female,45.0,0,0,262.375,C,test
1268,,3,female,22.0,2,0,8.6625,S,test
1269,,2,male,21.0,0,0,11.5,S,test
1270,,1,male,55.0,0,0,50.0,S,test
1271,,3,male,5.0,4,2,31.3875,S,test
1272,,3,male,28.0,0,0,7.75,Q,test
1273,,3,male,26.0,0,0,7.8792,Q,test
1274,,3,female,28.0,0,0,14.5,S,test
1275,,3,female,19.0,1,0,16.1,S,test
1276,,2,male,28.0,0,0,12.875,S,test
1277,,2,female,24.0,1,2,65.0,S,test
1278,,3,male,24.0,0,0,7.775,S,test
1279,,2,male,57.0,0,0,13.0,S,test
1280,,3,male,21.0,0,0,7.75,Q,test
1281,,3,male,6.0,3,1,21.075,S,test
1282,,1,male,23.0,0,0,93.5,S,test
1283,,1,female,51.0,0,1,39.4,S,test
1284,,3,male,13.0,0,2,20.25,S,test
1285,,2,male,47.0,0,0,10.5,S,test
1286,,3,male,29.0,3,1,22.025,S,test
1287,,1,female,18.0,1,0,60.0,S,test
1288,,3,male,24.0,0,0,7.25,Q,test
1289,,1,female,48.0,1,1,79.2,C,test
1290,,3,male,22.0,0,0,7.775,S,test
1291,,3,male,31.0,0,0,7.7333,Q,test
1292,,1,female,30.0,0,0,164.8667,S,test
1293,,2,male,38.0,1,0,21.0,S,test
1294,,1,female,22.0,0,1,59.4,C,test
1295,,1,male,17.0,0,0,47.1,S,test
1296,,1,male,43.0,1,0,27.7208,C,test
1297,,2,male,20.0,0,0,13.8625,C,test
1298,,2,male,23.0,1,0,10.5,S,test
1299,,1,male,50.0,1,1,211.5,C,test
1300,,3,female,28.0,0,0,7.7208,Q,test
1301,,3,female,3.0,1,1,13.775,S,test
1302,,3,female,28.0,0,0,7.75,Q,test
1303,,1,female,37.0,1,0,90.0,Q,test
1304,,3,female,28.0,0,0,7.775,S,test
1305,,3,male,28.0,0,0,8.05,S,test
1306,,1,female,39.0,0,0,108.9,C,test
1307,,3,male,38.5,0,0,7.25,S,test
1308,,3,male,28.0,0,0,8.05,S,test
1309,,3,male,28.0,1,1,22.3583,C,test
